시설명,시설코드,시설종류명(시설유형),시설종류상세명(시설종류),자치구(시)구분,시설장명,시군구코드,시군구명,시설주소,정원(수용인원),현인원,전화번호,우편번호
열림일터,C1081,(장애인) 장애인보호작업장,장애인직업재활시설,자치구,황길자,1150000000,강서구,서울특별시 강서구 까치산로 136,40,43,02-2602-3199,7662
그라나다보호작업센터,C2050,(장애인) 장애인보호작업장,장애인직업재활시설,자치구,김회경,1150000000,강서구,서울특별시 강서구 허준로5길 37 (가양동),46,44,02-3661-3402,7524
기쁜우리보호작업장,C2059,(장애인) 장애인보호작업장,장애인직업재활시설,자치구,조진화,1150000000,강서구,서울특별시 강서구 허준로 65 (가양동),30,36,02-3665-0866,7524
강서구휴먼희망일터,C2066,(장애인) 장애인보호작업장,장애인직업재활시설,자치구,이명수,1150000000,강서구,서울특별시 강서구 강서로 466우리벤처타운 102호 (등촌동),30,23,070-7731-3621,7573
구립강서구직업재활센터,C7913,(장애인) 장애인보호작업장,장애인직업재활시설,자치구,유기학,1150000000,강서구,서울특별시 강서구 허준로 95-9외 1번지 (가양동),70,65,02-3661-0362,7525
다사랑(대한정신보건가족협회),C8186,(장애인) 장애인보호작업장,장애인직업재활시설,자치구,권기옥,1150000000,강서구,서울특별시 강서구 개화동로7길 3-16,30,29,7077929300,7503
초록등대장애인보호작업장,C8197,(장애인) 장애인보호작업장,장애인직업재활시설,자치구,고용채,1150000000,강서구,"서울특별시 강서구 송정로1길 19베이스빌딩, 2층 (공항동)",36,29,02-2603-2683,7627
강서나누리센터,C8212,(장애인) 장애인보호작업장,장애인직업재활시설,자치구,윤보라,1150000000,강서구,서울특별시 강서구 공항대로7가길 21-3,20,30,070-8715-3650,7618
강서구희망센터,C8410,(장애인) 장애인보호작업장,장애인직업재활시설,자치구,나치웅,1150000000,강서구,"서울특별시 강서구 화곡로31길 25지층(화곡동), 서울특별시 강서구 강서로 34길 36 (화곡동)",34,38,02-2696-3113,7700
행복을파는장사꾼,C8782,(장애인) 장애인보호작업장,장애인직업재활시설,자치구,김완수,1150000000,강서구,서울특별시 강서구 까치산로 134 (화곡동),30,31,220651591,7662
참행복한세상,C9187,(장애인) 장애인보호작업장,장애인직업재활시설,자치구,정일영,1150000000,강서구,"서울특별시 강서구 강서로 462대룡드림타워-1, 2층 208호 (등촌동)",30,10,226580700,7573
